model,MAE,RMSE,R²
LinearRegression,216.53095185144983,304.0227340767086,0.8120438281932219
RandomForest,176.32075231511885,264.6163046297132,0.8576105964629089
